<?xml version='1.0'?>
<duplicates>
<duplicated_image group_id="1">
<file file_id="1" duplicate_id="1">content/transient/temp2/DSCF0140.JPG</file>
<file file_id="2" duplicate_id="2">content/transient/temp3/DSCF0140.JPG</file>
</duplicated_image>
<duplicated_image group_id="2">
<file file_id="3" duplicate_id="1">content/transient/DSCF0131.JPG</file>
<file file_id="4" duplicate_id="2">content/transient/temp2/DSCF0131.JPG</file>
<file file_id="5" duplicate_id="3">content/transient/temp3/DSCF0131.JPG</file>
</duplicated_image>
<duplicated_image group_id="3">
<file file_id="6" duplicate_id="1">content/transient/DSCF0133.JPG</file>
<file file_id="7" duplicate_id="2">content/transient/temp2/DSCF0133.JPG</file>
<file file_id="8" duplicate_id="3">content/transient/temp3/DSCF0133.JPG</file>
</duplicated_image>
<duplicated_image group_id="4">
<file file_id="9" duplicate_id="1">content/transient/DSCF0127.JPG</file>
<file file_id="10" duplicate_id="2">content/transient/temp3/DSCF0127.JPG</file>
</duplicated_image>
<duplicated_image group_id="5">
<file file_id="11" duplicate_id="1">content/transient/temp2/DSCF0137.JPG</file>
<file file_id="12" duplicate_id="2">content/transient/temp3/DSCF0137.JPG</file>
</duplicated_image>
<duplicated_image group_id="6">
<file file_id="13" duplicate_id="1">content/transient/temp1/DSCF0120.JPG</file>
<file file_id="14" duplicate_id="2">content/transient/temp3/DSCF0120.JPG</file>
<file file_id="15" duplicate_id="3">content/transient/temp4/120.JPG</file>
<file file_id="16" duplicate_id="4">content/transient/temp4/DSCF0120.JPG</file>
<file file_id="17" duplicate_id="5">content/transient/DSCF0120.JPG</file>
</duplicated_image>
<duplicated_image group_id="7">
<file file_id="18" duplicate_id="1">content/transient/temp2/DSCF0143.JPG</file>
<file file_id="19" duplicate_id="2">content/transient/temp3/DSCF0143.JPG</file>
<file file_id="20" duplicate_id="3">content/transient/temp4/143.JPG</file>
<file file_id="21" duplicate_id="4">content/transient/temp4/DSCF0143.JPG</file>
<file file_id="22" duplicate_id="5">content/transient/DSCF0143.JPG</file>
</duplicated_image>
<duplicated_image group_id="8">
<file file_id="23" duplicate_id="1">content/transient/DSCF0150.JPG</file>
<file file_id="24" duplicate_id="2">content/transient/temp3/DSCF0150.JPG</file>
</duplicated_image>
<duplicated_image group_id="9">
<file file_id="25" duplicate_id="1">content/transient/DSCF0132.JPG</file>
<file file_id="26" duplicate_id="2">content/transient/temp2/DSCF0132.JPG</file>
<file file_id="27" duplicate_id="3">content/transient/temp3/DSCF0132.JPG</file>
</duplicated_image>
<duplicated_image group_id="10">
<file file_id="28" duplicate_id="1">content/transient/temp2/DSCF0141.JPG</file>
<file file_id="29" duplicate_id="2">content/transient/temp3/DSCF0141.JPG</file>
</duplicated_image>
<duplicated_image group_id="11">
<file file_id="30" duplicate_id="1">content/transient/DSCF0129.JPG</file>
<file file_id="31" duplicate_id="2">content/transient/temp3/DSCF0129.JPG</file>
</duplicated_image>
<duplicated_image group_id="12">
<file file_id="32" duplicate_id="1">content/transient/DSCF0121.JPG</file>
<file file_id="33" duplicate_id="2">content/transient/temp1/DSCF0121.JPG</file>
<file file_id="34" duplicate_id="3">content/transient/temp3/DSCF0121.JPG</file>
</duplicated_image>
<duplicated_image group_id="13">
<file file_id="35" duplicate_id="1">content/transient/DSCF0128.JPG</file>
<file file_id="36" duplicate_id="2">content/transient/temp3/DSCF0128.JPG</file>
</duplicated_image>
<duplicated_image group_id="14">
<file file_id="37" duplicate_id="1">content/transient/DSCF0139.JPG</file>
<file file_id="38" duplicate_id="2">content/transient/temp2/DSCF0139.JPG</file>
<file file_id="39" duplicate_id="3">content/transient/temp3/DSCF0139.JPG</file>
</duplicated_image>
<duplicated_image group_id="15">
<file file_id="40" duplicate_id="1">content/transient/DSCF0149.JPG</file>
<file file_id="41" duplicate_id="2">content/transient/temp1/DSCF0149.JPG</file>
<file file_id="42" duplicate_id="3">content/transient/temp3/DSCF0149.JPG</file>
</duplicated_image>
<duplicated_image group_id="16">
<file file_id="43" duplicate_id="1">content/transient/temp2/DSCF0130.JPG</file>
<file file_id="44" duplicate_id="2">content/transient/temp3/DSCF0130.JPG</file>
<file file_id="45" duplicate_id="3">content/transient/DSCF0130.JPG</file>
<file file_id="46" duplicate_id="4">content/transient/temp1/DSCF0130.JPG</file>
</duplicated_image>
<duplicated_image group_id="17">
<file file_id="47" duplicate_id="1">content/transient/DSCF0144.JPG</file>
<file file_id="48" duplicate_id="2">content/transient/temp2/DSCF0144.JPG</file>
<file file_id="49" duplicate_id="3">content/transient/temp3/DSCF0144.JPG</file>
</duplicated_image>
<duplicated_image group_id="18">
<file file_id="50" duplicate_id="1">content/transient/temp2/DSCF0138.JPG</file>
<file file_id="51" duplicate_id="2">content/transient/temp3/DSCF0138.JPG</file>
<file file_id="52" duplicate_id="3">content/transient/DSCF0138.JPG</file>
<file file_id="53" duplicate_id="4">content/transient/temp1/DSCF0138.JPG</file>
</duplicated_image>
<duplicated_image group_id="19">
<file file_id="54" duplicate_id="1">content/transient/temp2/DSCF0142.JPG</file>
<file file_id="55" duplicate_id="2">content/transient/temp3/DSCF0142.JPG</file>
</duplicated_image>
<duplicated_image group_id="20">
<file file_id="56" duplicate_id="1">content/transient/DSCF0123.JPG</file>
<file file_id="57" duplicate_id="2">content/transient/temp1/DSCF0123.JPG</file>
<file file_id="58" duplicate_id="3">content/transient/temp3/DSCF0123.JPG</file>
</duplicated_image>
<duplicated_image group_id="21">
<file file_id="59" duplicate_id="1">content/transient/temp2/DSCF0136.JPG</file>
<file file_id="60" duplicate_id="2">content/transient/temp3/DSCF0136.JPG</file>
</duplicated_image>
<duplicated_image group_id="22">
<file file_id="61" duplicate_id="1">content/transient/DSCF0124.JPG</file>
<file file_id="62" duplicate_id="2">content/transient/temp1/DSCF0124.JPG</file>
<file file_id="63" duplicate_id="3">content/transient/temp3/DSCF0124.JPG</file>
</duplicated_image>
<duplicated_image group_id="23">
<file file_id="64" duplicate_id="1">content/transient/DSCF0125.JPG</file>
<file file_id="65" duplicate_id="2">content/transient/temp1/DSCF0125.JPG</file>
<file file_id="66" duplicate_id="3">content/transient/temp3/DSCF0125.JPG</file>
</duplicated_image>
<duplicated_image group_id="24">
<file file_id="67" duplicate_id="1">content/transient/temp2/DSCF0135.JPG</file>
<file file_id="68" duplicate_id="2">content/transient/temp3/DSCF0135.JPG</file>
</duplicated_image>
<duplicated_image group_id="25">
<file file_id="69" duplicate_id="1">content/transient/DSCF0126.JPG</file>
<file file_id="70" duplicate_id="2">content/transient/temp3/DSCF0126.JPG</file>
</duplicated_image>
<duplicated_image group_id="26">
<file file_id="71" duplicate_id="1">content/transient/DSCF0134.JPG</file>
<file file_id="72" duplicate_id="2">content/transient/temp2/DSCF0134.JPG</file>
<file file_id="73" duplicate_id="3">content/transient/temp3/DSCF0134.JPG</file>
</duplicated_image>
<duplicated_image group_id="27">
<file file_id="74" duplicate_id="1">content/transient/DSCF0148.JPG</file>
<file file_id="75" duplicate_id="2">content/transient/temp3/DSCF0148.JPG</file>
</duplicated_image>
<duplicated_image group_id="28">
<file file_id="76" duplicate_id="1">content/transient/DSCF0122.JPG</file>
<file file_id="77" duplicate_id="2">content/transient/temp1/DSCF0122.JPG</file>
<file file_id="78" duplicate_id="3">content/transient/temp3/DSCF0122.JPG</file>
</duplicated_image>
</duplicates>
